{
    "loss": 2.6308400630950928,
    "accuracy": 0.8314453959465027
}